"Time","AI tools for business"
"2024-12-29",0
"2025-01-05",8
"2025-01-12",8
"2025-01-19",11
"2025-01-26",6
"2025-02-02",8
"2025-02-09",9
"2025-02-16",11
"2025-02-23",12
"2025-03-02",6
"2025-03-09",8
"2025-03-16",7
"2025-03-23",8
"2025-03-30",8
"2025-04-06",6
"2025-04-13",5
"2025-04-20",10
"2025-04-27",8
"2025-05-04",8
"2025-05-11",0
"2025-05-18",8
"2025-05-25",7
"2025-06-01",33
"2025-06-08",50
"2025-06-15",32
"2025-06-22",16
"2025-06-29",13
"2025-07-06",15
"2025-07-13",24
"2025-07-20",14
"2025-07-27",11
"2025-08-03",18
"2025-08-10",15
"2025-08-17",15
"2025-08-24",13
"2025-08-31",13
"2025-09-07",13
"2025-09-14",14
"2025-09-21",18
"2025-09-28",0
"2025-10-05",9
"2025-10-12",12
"2025-10-19",6
"2025-10-26",40
"2025-11-02",43
"2025-11-09",45
"2025-11-16",53
"2025-11-23",73
"2025-11-30",100
"2025-12-07",80
"2025-12-14",66
"2025-12-21",59
"2025-12-28",40